track,cluster_l1,cluster_l2
&ME - Garden.mp3,Noise,Noise
0010X0010 - Escape From Rodeo Drive.mp3,H,H1
AKA AKA - Panaji.mp3,N,N1
ALMA (GER) - Old Dog New Tricks.mp3,G,G1
ARTBAT - Aquarius.mp3,M,M3
Acid Pauli - Dancing in the Trunk.mp3,E,E1
Adana Twins - Origo.mp3,D,D1
"AfterU, Miss Monique - Sahara (Miss Monique Remix).mp3",M,M3
Agoria feat. STS - Call Of The Wild (Glowal Wild Remix).mp3,P,P1
Akio Nagase - Sunday Park Jazz.mp3,F,F1
Alex Breitling - Bring It Back.mp3,Noise,Noise
Alex Dimou - Creep Inside.mp3,E,E1
Alex Dimou - What Keeps You There (Cevin Fisher Remix).mp3,L,L1
Alex Dimou - What Keeps You There.mp3,L,L1
Alex Dimou feat. Black Soda - This Time.mp3,E,E1
Alex Niggemann - Serenity.mp3,N,N3
"Alexander Alar, Sonita - Tokyo.mp3",G,G1
Amy Root - June (Mees Salomé Remix).mp3,P,P1
Andhim - Taxi.mp3,I,I2
Andreas Henneberg - Rubbed Down.mp3,C,C1
Anton Dhouran - Osmekha (Ruede Hagelstein Remix).mp3,N,N2
BOg - Corso.mp3,J,J1
BOg - Drawing Board.mp3,N,N5
"BOg, GHEIST, Fideles - Venere (Fideles Remix).mp3",G,G1
Bait & Switch - You Are In Trouble.mp3,N,N6
Belocca - Mother Earth.mp3,H,H1
Benno Blome - Abotha (Mihai Popoviciu Remix).mp3,L,L1
"Betoko, Kastis Torrau - Dosya.mp3",Noise,Noise
Black Girl _ White Girl - Green Crack.mp3,H,H2
"Bora Uzer, VANDER (DR), Mynox, Pandhora - Let It Breathe (Pandhora Remix).mp3",M,M3
Brendon Moeller - Linear Daybreak.mp3,Noise,Noise
"Burger, Voigt - Wandaus Klang.mp3",N,N4
Butane feat. Worldline - Rave Etiquette.mp3,A,A1
Butch - Lale.mp3,A,A1
"C-Jay - BackSlider, Pt. 3.mp3",N,N4
Carbon - Go Through That.mp3,B,B1
"Carlo Lio, Harvey McKay - Droid Decay.mp3",C,C1
Carlo Ruetz - Outlaws.mp3,Noise,Noise
"Cee ElAssaad, Mario Bianco - El Cant Dels Ocells.mp3",Noise,Noise
Christopher Kah - Thrust.mp3,H,H1
Christos Fourkis - Black Rat.mp3,K,K1
Chus & Ceballos feat. Astrid Suryanto - All I Want (Oscar L Remix).mp3,D,D1
Cid Inc. - Via Karelia.mp3,M,M1
Cirez D - The Raid.mp3,G,G2
Club Tularosa - Kenji.mp3,F,F1
Coeus - Horizon.mp3,G,G1
Coeus - Momentum.mp3,M,M2
Collective States - Lonesome Ghosts.mp3,M,M1
"D-Nox, Gai Barone - To The Disco.mp3",J,J1
DJ Angelo - Babel.mp3,Noise,Noise
Damon Jee - Ride Alone.mp3,F,F1
Dance Spirit - Rare Form.mp3,E,E1
Dance Spirit - Raver Etiquette.mp3,E,E1
Dance Spirit - Speaker Freaker.mp3,E,E1
"Dandara, Klik & Frik - Caracal (Klik & Frik Remix).mp3",I,I2
Daniel Rateuke - Flares.mp3,M,M2
Darren Emerson - Hot dog (Florian Meindl Remix).mp3,B,B1
"Dave Pad, Spieltape - Space Chants.mp3",Noise,Noise
"Davide Squillace, Basti Grub, Julian Smith - Let's Go Deep.mp3",N,N5
Denis A - Space Truck.mp3,G,G1
Dennis Cruz - Rock & Roll.mp3,D,D1
Dense & Pika - Apache.mp3,Noise,Noise
Depeche Mode - Enjoy the silence (Brigado Crew Unofficial Remix).mp3,M,M3
Dhillon - Intro.mp3,P,P1
Dj Pressing - Altiplano.mp3,F,F1
"Djuma Soundsystem, NenaHalena - Nangarin.mp3",L,L2
"Djuma Soundsystem, NenaHalena - Rim Jhim (David Mayer Remix).mp3",L,L1
"Djuma Soundsystem, NenaHalena - Rim Jhim.mp3",M,M4
Doctor Dru - Soharab.mp3,Noise,Noise
Doctor Dru - Wahah.mp3,M,M3
"Dole & Kom, Stephan Zovsky - Love (Stephan Zovsky Remix).mp3",J,J1
Dosem - All Locations.mp3,C,C1
"Dubfire, Kate Elsworth, Carl Craig - Lotus.mp3",K,K1
Eagles & Butterflies - Comet.mp3,Noise,Noise
El Mundo & Satori - Spread The Word (Mihalis Safras Edit).mp3,A,A1
"El Mundo, Zazou - House Of Lights.mp3",I,I1
Electric Rescue -  Dope.mp3,Noise,Noise
Electric Rescue - Open Fire.mp3,C,C1
Elena Pavla - Secret Kitchen (Jamie Stevens 2001 West Coast Dub).mp3,L,L1
"Elio Riso, Vikthor - Soul & Trip.mp3",H,H1
Elisa Bee - Absorption.mp3,H,H2
Emanuele Vernarelli - Blue Pillar.mp3,Noise,Noise
"Emmanuel Jal, Henrik Schwarz - Kuar (Don't Let Your Vote Be Fake Newsed Mix).mp3",M,M4
Fairmont - Scopulus.mp3,M,M3
Far&High - Alone.mp3,G,G2
Four Hands (GER) - Everlasting World.mp3,M,M_noise
"Francisco Allendes, Felipe Venegas - Llovizna (Luciano Remix).mp3",L,L1
Fulltone - C'est Bon.mp3,K,K1
Fur Coat - Ethereal.mp3,N,N6
Futuristant - The Future Dance (Rigopolar Remix).mp3,F,F1
Gardens of God - Zero One.mp3,N,N3
"Gorge, Markus Homm - El Fluvio de la Vida.mp3",A,A1
Gorgon City - Roped In.mp3,A,A2
Guy Gerber - Timing.mp3,Noise,Noise
Guy J - Mind Of.mp3,C,C1
Guy J - The Right Place.mp3,I,I3
"Guy Mantzur, Khen - Where Is Home.mp3",G,G1
Hanna Haïs feat. Aminata Kouyaté - Soumalé.mp3,M,M2
Henry Saiz - The Cryptologist.mp3,N,N5
Hobo - Sentinel.mp3,H,H2
"Hosini, DSF - Centauri (DSF Remix).mp3",K,K1
"Housekeeping, Andfolk feat. Deanna Leigh - Faces (Extended Mix).mp3",O,O1
Hunter Game - Silver (Silence Live Mix).mp3,H,H1
"Hyenah, Lazarusman - Not Enough.mp3",K,K1
Ikarius - Time (Pavel Petrov Remix).mp3,J,J1
Iman Hanzo - Burn Up.mp3,A,A1
Indid - See You.mp3,M,M2
Innellea - Anamorfose.mp3,N,N1
Innellea - Internal Shifts.mp3,N,N2
Innellea - Prospective Vision.mp3,N,N4
Innellea - White Blanket.mp3,I,I1
Innellea - Wo bist Du.mp3,N,N5
Invōker - Râ.mp3,I,I1
"Iorie, Arutani - De la Vida (NINZE & OKAXY Remix).mp3",I,I3
James Orvis - Acid.mp3,Noise,Noise
Jaydee - Plastic Dreams (Nicole Moudaber Renaissance Remix).mp3,H,H2
Johannes Volk - Extra Dimensions.mp3,H,H1
John Digweed & Nick Muir vs. Carlo Lio - Infinity Road.mp3,Noise,Noise
John Digweed & Nick Muir vs. Ian O'Donovan - Dawnbreaker.mp3,G,G1
John Digweed & Nick Muir vs. Jozif - Groove de verano.mp3,L,L1
John Digweed & Nick Muir vs. Marco Bailey - Red Tape.mp3,Noise,Noise
John Digweed - Warung Beach (Luetzenkirchen Remix).mp3,G,G2
John Dimas - Impress Me (Anonym Show Me What'cha Got Remix).mp3,L,L1
Jorge Savoretti - Hyspi.mp3,L,L1
Joris Voorn - Goodbye Fly.mp3,A,A1
Joseph Ashworth - Dominika.mp3,P,P1
Josh Wink - Higher State Of Consciousness (Adana Twins Remix Two).mp3,M,M3
Josh Wink - Stay Out All Night (Radio Slave Remix).mp3,A,A1
Kellerkind - Sleepless Fox.mp3,O,O1
Kerala Dust - Magdalena.mp3,N,N6
Khen - Out Of A Dream.mp3,O,O1
Knives Out - Sugarcoat (Sasha Ambient Remix).mp3,N,N1
Kotelett & Zadak - Never Enough.mp3,O,O1
La Fleur - Aphelion.mp3,C,C1
Loco Dice - Believe in Me.mp3,Noise,Noise
"Loco Dice, Eddie Fowlkes - Boogie Mandroid.mp3",Noise,Noise
Lopezhouse - Dusseldorf.mp3,G,G2
Lopezhouse - Motorik (Original Mix).mp3,Noise,Noise
Lopezhouse - Something Is Happening.mp3,G,G2
MARIA Die RUHE - Cims.mp3,M,M4
Maceo Plex - Mutant Magic.mp3,G,G2
Madben - Blow.mp3,Noise,Noise
Maksim Dark - Energize.mp3,Noise,Noise
Malandra Jr. - Cariilon.mp3,N,N1
Malandra Jr. - Magnetik.mp3,N,N6
"Mark Dekoda, Orkestrated - Ghost.mp3",B,B1
Marsh - 1992 (Extended Mix).mp3,M,M3
Massano - The Feeling.mp3,J,J1
"Matador, ARTBAT - Visitor.mp3",Noise,Noise
"Mathias Rehfeldt, Dark Matter Projekt - Zeit (Niconé & Dirty Doering Remix).mp3",I,I1
"Mathias Schober, Atelier. - The Fall Feat. Atelier.mp3",M,M3
Matthias Meyer - Fantazy.mp3,N,N6
"Matthias Meyer, Ryan Davis - Love Letters From Sicily.mp3",P,P1
Matthias Schuell - Mephisto.mp3,M,M_noise
Matthias Tanzmann - Atacama.mp3,M,M4
"Michel De Hey, Rauwkost - Julienzzz.mp3",Noise,Noise
Michel de Hey & Rauwkost - Julienzzz (Paul C & Paolo Martini Remix).mp3,A,A1
Mind Against - Walking Away.mp3,N,N6
Misstress Barbara - Azzurri.mp3,A,A1
Monkey Safari - Chari Chari.mp3,O,O1
Monkey Safari - Mantra.mp3,Noise,Noise
Monkey Safari - Tollo.mp3,P,P1
Mosley Jr - Sun_Set.mp3,P,P1
Mr Raoul K - O Mera Dil (Auztin Pauers & Ezrael Remix).mp3,L,L1
"NenaHalena, Akil - La Ka Rubà (Jonas Rathsman Remix).mp3",O,O1
Nhii - Meyha.mp3,Noise,Noise
Nicolas Jaar - Time for Us.mp3,F,F1
Niconé - Miau On Acid.mp3,F,F1
Niki4 - Ederlezi.mp3,Noise,Noise
"Nina Kraviz, Bara Nova - Surprise Me, I'm Surprised Today.mp3",H,H2
"Noir, Olivier Giacomotto feat. Hendrik Burkhard - Blackrays (Kiko & Citizen Kain Remix).mp3",G,G1
Oliver Koletzki - Lenny In The Sea With Dolphins.mp3,F,F1
"Oliver Koletzki, Monolink ‒ We are all lost (Nico Stojan Remix).mp3",I,I3
Oliver Lieb - Oasis 2020 (Frankyeffe Remix).mp3,H,H1
Oliver Lieb - Red Phosphorous (Reduced Mix).mp3,H,H1
Paperclip People - Throw (Slam's RTM Remix).mp3,A,A1
Paulor - Spaceship (Vitalic Remix).mp3,G,G2
"Peer Kusiv, Lenny - Toxic Temptation (Undercatt Remix).mp3",Noise,Noise
"Peshay, Vsy - Universalis.mp3",A,A1
"Pete Tong, John Monkman - Aquarius.mp3",D,D1
Pig & Dan - Return To Mono.MP3,Noise,Noise
Pig & Dan and M.E.M.O. - Viking Princess.mp3,Noise,Noise
Pig&Dan (Destination Unknown) - Positive Vibrations.mp3,L,L2
"Pig&Dan, Victor Ruiz - Paradise Lost.mp3",H,H1
Pole Folder - Waxxx (Pole Folder & CP Mix).mp3,Noise,Noise
Pryda - The Beginning.mp3,G,G2
Quivver - Takin Over (Vincenzo Remix).mp3,I,I1
RDNK - Guess the Number.mp3,B,B1
Radio Slave - Stay Out All Night.mp3,H,H2
Redsea (IT) - Around My Head (The Drifter Remix).mp3,I,I1
Rex the Dog - Vortex (Krystal Klear Remix).mp3,Noise,Noise
Rob Hes - Army Of One.mp3,Noise,Noise
Robert Babicz - Shifting Reality.mp3,D,D1
"Roderic, Jacqueline Jones - Passengers (Acid Pauli Remix).mp3",N,N6
Rogue D - Burning.mp3,Noise,Noise
Sainte Vie - High Seas.mp3,M,M2
Saints and Sinners - Pushin too hard (The Official 2003 Remix).mp3,Noise,Noise
Sall - Get Ready.mp3,H,H1
Sam Goku - Momentum.mp3,D,D1
Sam Goku - Odd Speech.mp3,N,N2
Sam Goku - Zero One Lotus.mp3,Noise,Noise
"Sandy Rivera, Rae - Hide U (Chicola Extended Remix).wav",M,M3
"Sebjak, Fahlberg - Chaka.mp3",I,I2
Sharif Laffrey - Sounds To Come.mp3,Noise,Noise
Shouse - Love Tonight (Mike Simonetti Remix).mp3,N,N5
Slow Nomaden - Eternal Blue Sky.mp3,N,N6
Sobek - Charmer.mp3,I,I2
Spieltape - All Of You (Oliver Schories Remix).mp3,B,B1
Stelios Vassiloudis - Coma.mp3,E,E1
Steve Parry - Flippant.mp3,I,I1
Sunscreem - Perfect Motion (Patrice Bäumel Renaissance Remix).mp3,Noise,Noise
Super Flu - Really Really.mp3,Noise,Noise
Tapan feat. Radwan Ghazi Moumneh - In My Heart feat. Radwan Ghazi Moumneh (Khidja Remix).mp3,I,I3
The Japanese Popstars feat. Green Velvet - Matter of Time (Coyu 2020 Rework).mp3,H,H1
Tibi Dabo - Disbelieve my-free-mp3s.com .mp3,E,E1
Tibi Dabo - Her Moon.mp3,D,D1
Tibi Dabo - Hire The Birds.mp3,L,L1
Timboletti - Dhunche.mp3,Noise,Noise
Timo Maas - Brummer.mp3,D,D1
Timo Maas - The Religion of Love (Kotelett Bonus Mix) (Kotelett Bonus Mix) myfreemp3.vip .mp3,J,J1
Timo Maas - The Religion of Love (Kotelett Unconditional Love Version) (Kotelett Unconditional Love Version) myfreemp3.vip .mp3,M,M3
Timo Maas - The Religion of Love.mp3,F,F1
Tocadisco - Paradiesvogel.mp3,G,G1
Tosca - Pyjama Stereotype Mix #1.mp3,L,L2
Troy Pierce - Lost On The Way To DC10 (Berlin Version).mp3,E,E1
Tunnelvisions - M.G.M.M..mp3,P,P1
VSY - Aria.mp3,Noise,Noise
VSY - Devolve.mp3,Noise,Noise
VSY - Find Me.mp3,N,N3
VSY - Fragment.mp3,A,A2
VSY - I Want.mp3,M,M_noise
VSY - Sections.mp3,H,H1
VSY - The Void.mp3,L,L1
VSY - Tick Tock.mp3,A,A1
VSY - Turtles.mp3,Noise,Noise
VSY - Walk Deep.mp3,Noise,Noise
Whitesquare - Visual Distortion of Reality.mp3,I,I1
Yamil - Never No Right (Djolee Remix).mp3,M,M2
Yotto - Nova (Extended Mix).mp3,M,M1
Yotto - Walls (Joris Voorn).mp3,A,A2
Yulia Niko - Sound Factory.mp3,H,H2
nthng - Untitled (Human Pt. II).mp3,N,N2
